<?xml version="1.0" encoding="UTF-8"?>
<project-private xmlns="http://www.netbeans.org/ns/project-private/1">
    <editor-bookmarks xmlns="http://www.netbeans.org/ns/editor-bookmarks/2" lastBookmarkId="0"/>
    <open-files xmlns="http://www.netbeans.org/ns/projectui-open-files/2">
        <group>
            <file>file:/D:/site/sisteme_expert_2015_2016/ExempluInterfataProlog/ExempluInterfataPrologSwi/src/exempluinterfataprolog/Fereastra.java</file>
            <file>file:/D:/site/sisteme_expert_2015_2016/ExempluInterfataProlog/ExempluInterfataPrologSwi/src/exempluinterfataprolog/ConexiuneProlog.java</file>
            <file>file:/D:/site/sisteme_expert_2015_2016/ExempluInterfataProlog/ExempluInterfataPrologSwi/src/exempluinterfataprolog/ExempluInterfataProlog.java</file>
        </group>
    </open-files>
</project-private>
